;Name;Value
0;AccLateralEMADecay;0.05
1;AccLateralEMATime;0.1
2;AccLongitudinalEMADecay;0.05
3;AccLongitudinalEMATime;0.1
4;AccPedalEMADecay;0.05
5;AccPedalEMATime;0.1
6;AccPedalGradientEMADecay;0.05
7;AccPedalGradientEMATime;0.1
8;ActDrBreakTimInSec;1200.0
9;ActDrThrSpeedInKmh;5.0
10;AdjDriverChange;0.0
11;BreakNotifDelayTime;100.0
12;BreakNotifDrivingTime;14400.0
13;CircadianRhythmNode00;-0.2
14;CircadianRhythmNode01;-0.35
15;CircadianRhythmNode02;-0.48
16;CircadianRhythmNode03;-0.5
17;CircadianRhythmNode04;-0.37
18;CircadianRhythmNode05;-0.19
19;CircadianRhythmNode06;0.0
20;CircadianRhythmNode07;0.2
21;CircadianRhythmNode08;0.27
22;CircadianRhythmNode09;0.25
23;CircadianRhythmNode10;0.21
24;CircadianRhythmNode11;0.15
25;CircadianRhythmNode12;0.1
26;CircadianRhythmNode13;0.05
27;CircadianRhythmNode14;0.01
28;CircadianRhythmNode15;0.0
29;CircadianRhythmNode16;0.03
30;CircadianRhythmNode17;0.08
31;CircadianRhythmNode18;0.13
32;CircadianRhythmNode19;0.15
33;CircadianRhythmNode20;0.15
34;CircadianRhythmNode21;0.13
35;CircadianRhythmNode22;0.04
36;CircadianRhythmNode23;-0.06
37;DTLMinSpeed;90.0
38;DTLPreDebounceTicks;1200.0
39;DTLRecDebounceTicks;1000.0
40;DTLResetTicks;2000.0
41;DaylightBrightnessDefault;20000.0
42;DayligthMaxDecrease;400.0
43;DayligthMaxIncrease;40000.0
44;DeadTimeAdjustmentVolume;40.0
45;DeadTimeFlashing;20.0
46;DeadTimeHeavyBraking;40.0
47;DeadTimeInfotainment;30.0
48;DeadTimeLightAcceleration;60.0
49;DeadTimeLightBraking;60.0
50;DeadTimeOperatingExteriorMirror;30.0
51;DeadTimeOperatingFASButtons;40.0
52;DeadTimeOperatingHighBeam;30.0
53;DeadTimeOperatingMedia;30.0
54;DeadTimeOperatingSeatAdjustment;50.0
55;DeadTimeOperatingWiperLever;20.0
56;DeadTimeOperationMenu;40.0
57;DeadTimeOverrideLongitudinalControl;50.0
58;DeadTimeStrongAcceleration;40.0
59;DeadTimeStrongSteeringMovements;50.0
60;DecayELAIndex;0.0005
61;DiagRoutineMsgLevelRuntime;30.0
62;DiagRoutineMsgWaitingTime;30.0
63;DriverActivityInitTimeInSec;300.0
64;DriverBrakingEMADecay;0.5
65;DriverBrakingEMATime;0.1
66;DriverStatusDisplayWaitTimeToDeactiv;300.0
67;EKAActivityThresholdSpeedDeactiv;15.0
68;EKAActivityThresholdSpeedLower;20.0
69;EKAActivityThresholdSpeedUpper;200.0
70;EKADriverOperationMask;4294967295.0
71;EKAFASAdaptFacWeightingHoldTimeInfotainment;1.0
72;EKAFASAdaptGradientAttention;0.03
73;EKAFASAdaptGradientDistraction;0.01
74;EKAFASAdaptMax;12.0
75;EKAFASAdaptMin;-12.0
76;EKAFacWeightingAcoustic;1.0
77;EKAFacWeightingHoldTimeAcoustic;1.0
78;EKAFacWeightingHoldTimeInfotainment;1.0
79;EKAFacWeightingHoldTime;1.0
80;EKAFacWeightingInfotainment;1.0
81;EKAFacWeightingUserInteraction;1.0
82;EKAFactorActiveUserInteraction;4.0
83;EKAFactorMMIUserInteraction;4.0
84;EKAGradientDecreaseAcoustic;0.1
85;EKAGradientDecrease;0.05
86;EKAGradientIncrease;0.05
87;EKAIndexMax;30.0
88;EKAIndexMin;-30.0
89;EKAMsgDelay;50.0
90;EKAMsgDurationNoWarning;5.0
91;EKAMsgDurationRepetition;200.0
92;EKAMsgPauseLevelDecrease;100.0
93;EKAMsgPauseLevelIncrease;100.0
94;EKAMsgThreshold1High;6.0
95;EKAMsgThreshold1Low;12.0
96;EKAMsgThreshold1Medium;9.0
97;EKAMsgThreshold2High;9.0
98;EKAMsgThreshold2Low;15.0
99;EKAMsgThreshold2Medium;12.0
100;EKAMsgThreshold3High;12.0
101;EKAMsgThreshold3Low;18.0
102;EKAMsgThreshold3Medium;15.0
103;EKAMsgThresholdSpeedInactive;0.0
104;EKAMsgThresholdSpeed;0.0
105;EKAThresholdAccPedalGradientLightAcc;100.0
106;EKAThresholdAccPedalGradientStrongAcc;250.0
107;EKAThresholdAccPedal;30.0
108;EKAThresholdBrakePedalPathHeavyBraking;50.0
109;EKAThresholdBrakePedalPathLightBraking;20.0
110;EKAThresholdSteeringAngleSpeed;300.0
111;EKAThresholdSteeringMoment;4.0
112;ELAActivityThresholdSpeedDeactiv;65.0
113;ELAActivityThresholdSpeedLower;70.0
114;ELAActivityThresholdSpeedUpper;200.0
115;ELAAttentionIndicatorScalingMax;9.9
116;ELAAttentionIndicatorScalingMin;0.0
117;ELAClassifierOffsetAwake;-0.5
118;ELAClassifierOffsetTired;0.5
119;ELADrivingBehaviorPeriod;1200.0
120;ELADrivingContextScalingMax;1.2
121;ELADrivingContextScalingMin;0.8
122;ELALaneDistanceModifactionParameter;0.15
123;ELAMaxDrivingContextBrightnes;1000.0
124;ELAMaxDrivingContextCircadian;2.0
125;ELAMaxDrivingContextToT;18000.0
126;ELAMaxValueToT;18000.0
127;ELAMsgDelay;0.0
128;ELAMsgPause;0.0
129;ELAMsgThreshold1High;6.0
130;ELAMsgThreshold1Low;7.0
131;ELAMsgThreshold1Medium;6.5
132;ELAMsgThreshold2High;7.0
133;ELAMsgThreshold2Low;8.0
134;ELAMsgThreshold2Medium;7.5
135;ELAMsgThreshold3High;8.0
136;ELAMsgThreshold3Low;9.0
137;ELAMsgThreshold3Medium;8.5
138;ELAMsgThresholdSpeedInactive;65.0
139;ELAMsgThresholdSpeed;70.0
140;ELASmootingParameterEMA;0.05
141;ELAThresholdDrivingBehaviorFraction;2.0
142;ELAThresholdDrivingBehaviorHistory;2.0
143;ELAThresholdDrivingBehavior;2.0
144;ELAThresholdLaneTimeCrossing;0.5
145;ELAToTAIScalingMax;6.5
146;ELAToTAIScalingMin;4.0
147;EnvironmentBrightnessEMADecay;0.5
148;FacAccLateralMAD;1.0
149;FacAccLongitudinalMAD;1.0
150;FacAccPedalGradientMAD;1.0
151;FacAccPedalMAD;1.0
152;FacCircadianRhythmELA;10.0
153;FacCountersteeringMoment;2.0
154;FacDaylightELA;5.0
155;FacDriverActivityELA;15.0
156;FacDriverBrakingMAD;1.0
157;FacELADriverClassification;10.0
158;FacMonotonyELA;30.0
159;FacSteeringAngleMAD;1.0
160;FacSteeringAngleSpeedMAD;1.0
161;FacSteeringMomentMAD;1.0
162;FacTimeOnTaskELAAI;0.4
163;FacTimeOnTaskELADC;30.0
164;FacUSSDMLevel;0.05
165;FacVehicleSpeedMAD;0.05
166;FacWeightingDtlILAIndex;0.1
167;FacWeightingSteeringILAIndex;0.4
168;FacWeightingTlcILAIndex;1.0
169;FacYawRateMAD;1.0
170;FktConfigDaylight;0.0
171;FktConfigEKAActiveUserInteraction;1.0
172;HoldTimeAcousticPhone;20.0
173;HoldTimeAcousticVoiceControl;20.0
174;HoldTimeAdjustmentVolume;20.0
175;HoldTimeFactorActiveUserInteraction;1.0
176;HoldTimeFlashing;20.0
177;HoldTimeHeavyBraking;20.0
178;HoldTimeInfotainment;20.0
179;HoldTimeLightAcceleration;20.0
180;HoldTimeLightBraking;20.0
181;HoldTimeOperatingExteriorMirror;20.0
182;HoldTimeOperatingFASButtons;20.0
183;HoldTimeOperatingHighBeam;20.0
184;HoldTimeOperatingMedia;20.0
185;HoldTimeOperatingSeatAdjustment;20.0
186;HoldTimeOperatingWiperLever;20.0
187;HoldTimeOperationMenu;20.0
188;HoldTimeOverrideLongitudinalControl;20.0
189;HoldTimeStrongAcceleration;20.0
190;HoldTimeStrongSteeringMovements;20.0
191;MaxDtl;1.5
192;MaxELAIndex;9.9
193;MaxWeightedRateSteeringEvent;0.8
194;MonoDriverInitTime;300.0
195;PassengerPresenceEval;1.0
196;PotentialAcousticPhone;1.0
197;PotentialAcousticVoiceControl;1.0
198;PotentialAdjustmentVolume;1.0
199;PotentialFlashing;-1.0
200;PotentialHeavyBraking;-3.0
201;PotentialInfotainmentLevel1;1.0
202;PotentialInfotainmentLevel2;2.0
203;PotentialInfotainmentLevel3;3.0
204;PotentialLightAcceleration;-1.0
205;PotentialLightBraking;-1.0
206;PotentialOperatingExteriorMirror;3.0
207;PotentialOperatingFASButtons;1.0
208;PotentialOperatingHighBeam;-2.0
209;PotentialOperatingMedia;1.0
210;PotentialOperatingSeatAdjustment;3.0
211;PotentialOperatingWiperLever;-1.0
212;PotentialOperationMenu;2.0
213;PotentialOverrideLongitudinalControl;-2.0
214;PotentialStrongAcceleration;-3.0
215;PotentialStrongSteeringMovements;-3.0
216;RestAreaNavBreakNotification;0.0
217;RestAreaNavELAMsg1;0.0
218;RestAreaNavELAMsg2;0.0
219;RestAreaNavELAMsg3;0.0
220;RestAreaResetTime;20.0
221;SensorDetectionDebounceTimeMFK;10.0
222;SignalErrorDuration;5.0
223;SignalInitDuration;5.0
224;SignalNeverReceivedDuration;5.0
225;SignalOutOfRangeDuration;5.0
226;SignalTimeoutDuration;5.0
227;SignalValidDuration;5.0
228;SteeringAngleEMADecay;0.005
229;SteeringAngleEMATime;0.1
230;SteeringAngleSpeedEMADecay;0.005
231;SteeringAngleSpeedEMATime;0.1
232;SteeringMinimumEvalTime;600.0
233;SteeringMomentEMADecay;0.005
234;SteeringMomentEMATime;0.1
235;TLCMinSpeed;90.0
236;TLCPreDebounceTicks;1200.0
237;TestMsgWaitTimeToAbort;100.0
238;TestMsgWaitTimeToSwitchLevel;100.0
239;ThresholdDriverChangeVehicleSpeed;25.0
240;ThresholdSharpLeftTurn;-70.0
241;ThresholdSharpRightTurn;70.0
242;ThresholdSpeedELASteeringDetection;60.0
243;ThresholdSteeringInactivityPeriod;0.3
244;ThresholdTlcCntIncludeInELA;900.0
245;ThresholdUSSDMQual;70.0
246;TimVehPowStatOffInSec;120.0
247;TimeAttentionCheckMs;300.0
248;TimeSteeringInactivityPeriodQualMs;1000.0
249;TimeWindowDtlInTicks;200.0
250;TimeWindowTlcCntInTicks;3600.0
251;VehicleSpeedEMADecay;0.002
252;VehicleSpeedEMATime;0.1
253;WeightedEventRateNormFactor;500.0
254;YawRateEMADecay;1.0
255;YawRateEMATime;0.1
